,price,market_cap
2021-12-01 00:00:00 UTC,14.14624561,0
2021-12-02 00:00:00 UTC,14.14624561,0
2021-12-03 00:00:00 UTC,9.347079077,0
2021-12-04 00:00:00 UTC,7.819570522,0
2021-12-05 00:00:00 UTC,7.288818134,0
2021-12-06 00:00:00 UTC,6.654391545,0
2021-12-07 00:00:00 UTC,6.444864628,0
2021-12-08 00:00:00 UTC,6.250867438,410103791.8
2021-12-09 00:00:00 UTC,5.648761365,370827295.2
2021-12-10 00:00:00 UTC,6.068360416,343977146.7
2021-12-11 00:00:00 UTC,5.163416841,296116821.5
2021-12-12 00:00:00 UTC,5.558042408,315903924.4
2021-12-13 00:00:00 UTC,5.29077293,299846772
2021-12-14 00:00:00 UTC,4.289206053,243506742.4
2021-12-15 00:00:00 UTC,4.144090015,234509565.9
2021-12-16 00:00:00 UTC,4.126714475,233420156.1
2021-12-17 00:00:00 UTC,3.904183293,227996728.1
2021-12-18 00:00:00 UTC,3.585072986,209574875.8
2021-12-19 00:00:00 UTC,3.659792824,214379426.3
2021-12-20 00:00:00 UTC,3.521645587,206566967.4
2021-12-21 00:00:00 UTC,3.1992048,187967936.2
2021-12-22 00:00:00 UTC,3.611671955,212197310.7
2021-12-23 00:00:00 UTC,3.614610554,237524009.5
2021-12-24 00:00:00 UTC,3.886810203,253814732.7
2021-12-25 00:00:00 UTC,3.78466776,247976665.9
2021-12-26 00:00:00 UTC,4.941262002,323266032.9
2021-12-27 00:00:00 UTC,5.7686345,377751754.1
2021-12-28 00:00:00 UTC,5.182924289,338615234.1
2021-12-29 00:00:00 UTC,4.403642287,289813371.3
2021-12-30 00:00:00 UTC,4.809399143,311258833.9
2021-12-31 00:00:00 UTC,4.682252243,306031874.3
2022-01-01 00:00:00 UTC,4.544909314,295865896.6
2022-01-02 00:00:00 UTC,4.468841537,292253055
2022-01-03 00:00:00 UTC,4.225166806,275527481.1
2022-01-04 00:00:00 UTC,3.921079211,258277858.6
2022-01-05 00:00:00 UTC,3.91702709,291041062.7
2022-01-06 00:00:00 UTC,3.587042189,263057705.7
2022-01-07 00:00:00 UTC,3.487945654,253732538.2
2022-01-08 00:00:00 UTC,3.628119693,264701086.1
2022-01-09 00:00:00 UTC,3.538750849,259046763
2022-01-10 00:00:00 UTC,3.677287831,266589155.4
2022-01-11 00:00:00 UTC,3.410316529,248738969.3
2022-01-12 00:00:00 UTC,3.568508731,260362280.9
2022-01-13 00:00:00 UTC,3.744281464,272482030.5
2022-01-14 00:00:00 UTC,3.713230354,269118015.6
2022-01-15 00:00:00 UTC,3.615597026,261863303.4
2022-01-16 00:00:00 UTC,3.561437932,259565498.4
2022-01-17 00:00:00 UTC,3.819601478,278441162.7
2022-01-18 00:00:00 UTC,3.540159195,257866720.2
2022-01-19 00:00:00 UTC,3.546827428,258612364.6
2022-01-20 00:00:00 UTC,3.33566677,287743358.4
2022-01-21 00:00:00 UTC,3.072345291,267791557.6
2022-01-22 00:00:00 UTC,2.440214476,210951444.6
2022-01-23 00:00:00 UTC,2.075980622,178410366.4
2022-01-24 00:00:00 UTC,2.226349603,191323817.8
2022-01-25 00:00:00 UTC,2.036037883,175799607.7
2022-01-26 00:00:00 UTC,1.94071813,167445246.1
2022-01-27 00:00:00 UTC,1.925129279,166108001.2
2022-01-28 00:00:00 UTC,1.930786298,165992529.1
2022-01-29 00:00:00 UTC,1.949459286,167271044.9
2022-01-30 00:00:00 UTC,2.373329236,206196844.2
2022-01-31 00:00:00 UTC,2.130195935,183812921
2022-02-01 00:00:00 UTC,2.16510188,185848933.8
2022-02-02 00:00:00 UTC,2.038368733,218337999.7
2022-02-03 00:00:00 UTC,1.891986456,202449141.7
2022-02-04 00:00:00 UTC,2.01819471,216208241.7
2022-02-05 00:00:00 UTC,2.14891179,230332058.8
2022-02-06 00:00:00 UTC,2.221094435,238358454.1
2022-02-07 00:00:00 UTC,2.180622298,233242614.2
2022-02-08 00:00:00 UTC,2.282631187,244194189.2
2022-02-09 00:00:00 UTC,2.248660781,238688612.5
2022-02-10 00:00:00 UTC,2.279805485,244233232.7
2022-02-11 00:00:00 UTC,2.066538698,222011199.4
2022-02-12 00:00:00 UTC,1.948587076,208333491.8
2022-02-13 00:00:00 UTC,1.901700517,203044837
2022-02-14 00:00:00 UTC,1.875167681,199773501.8
2022-02-15 00:00:00 UTC,1.812091268,193725181.2
2022-02-16 00:00:00 UTC,1.930033167,207025807.4
2022-02-17 00:00:00 UTC,1.858742188,198848413.2
2022-02-18 00:00:00 UTC,1.683964036,180198005.9
2022-02-19 00:00:00 UTC,1.582580623,169416217.5
2022-02-20 00:00:00 UTC,1.576750863,168446992.1
2022-02-21 00:00:00 UTC,1.426116887,152834093.6
2022-02-22 00:00:00 UTC,1.309398596,141673720.3
2022-02-23 00:00:00 UTC,1.349520743,144358908.4
2022-02-24 00:00:00 UTC,1.299534196,139303390
2022-02-25 00:00:00 UTC,1.204587095,128126043.8
2022-02-26 00:00:00 UTC,1.315678837,140865987.7
2022-02-27 00:00:00 UTC,1.27259932,135323598.4
2022-02-28 00:00:00 UTC,1.203427408,128475049.3
2022-03-01 00:00:00 UTC,1.346097067,142871546.9
2022-03-02 00:00:00 UTC,1.327511421,142383032.5
2022-03-03 00:00:00 UTC,1.354395247,145585175.6
2022-03-04 00:00:00 UTC,1.545320621,176452640.5
2022-03-05 00:00:00 UTC,1.343316397,154255670.2
2022-03-06 00:00:00 UTC,1.335347244,153277096.3
2022-03-07 00:00:00 UTC,1.214215054,139712150.7
2022-03-08 00:00:00 UTC,1.244232512,142953851
2022-03-09 00:00:00 UTC,1.265168967,145505519.9
2022-03-10 00:00:00 UTC,1.286181765,147351080.6
2022-03-11 00:00:00 UTC,1.20080894,137882438.7
2022-03-12 00:00:00 UTC,1.159922748,134205422.3
2022-03-13 00:00:00 UTC,1.185607803,136678770.6
2022-03-14 00:00:00 UTC,1.160590802,133605764.5
2022-03-15 00:00:00 UTC,1.232456617,141501709.8
2022-03-16 00:00:00 UTC,1.199390632,137930598.7
2022-03-17 00:00:00 UTC,1.326945085,149893721.5
2022-03-18 00:00:00 UTC,1.28182499,146903092.6
2022-03-19 00:00:00 UTC,1.366523136,154573925.5
2022-03-20 00:00:00 UTC,1.582886916,181240474.9
2022-03-21 00:00:00 UTC,1.455261571,167632263.8
2022-03-22 00:00:00 UTC,1.61065405,184908411.8
2022-03-23 00:00:00 UTC,1.577071528,180348699.3
2022-03-24 00:00:00 UTC,1.537085731,175933807.1
2022-03-25 00:00:00 UTC,1.577409509,181453429
2022-03-26 00:00:00 UTC,1.507541617,173054178.7
2022-03-27 00:00:00 UTC,1.515177057,173852283.3
2022-03-28 00:00:00 UTC,1.591536037,182745847
2022-03-29 00:00:00 UTC,1.616953209,186093959.8
2022-03-30 00:00:00 UTC,1.683248959,192603760.4
2022-03-31 00:00:00 UTC,1.742039518,200625327.5
2022-04-01 00:00:00 UTC,1.5938911,183570098.3
2022-04-02 00:00:00 UTC,1.688640661,192578370.6
2022-04-03 00:00:00 UTC,2.013818753,231970878.6
2022-04-04 00:00:00 UTC,1.882865478,216640781.2
2022-04-05 00:00:00 UTC,1.859755616,214448698.3
2022-04-06 00:00:00 UTC,1.811976127,230180592.2
2022-04-07 00:00:00 UTC,1.566609033,193170947.8
2022-04-08 00:00:00 UTC,1.623527211,199239432.3
2022-04-09 00:00:00 UTC,1.524822352,186399728.6
2022-04-10 00:00:00 UTC,1.580585025,192627260.3
2022-04-11 00:00:00 UTC,1.506449435,185504928.8
2022-04-12 00:00:00 UTC,1.316289564,161988596.6
2022-04-13 00:00:00 UTC,1.370580242,167895925.7
2022-04-14 00:00:00 UTC,1.398320539,171232476.4
2022-04-15 00:00:00 UTC,1.355082794,165984356.8
2022-04-16 00:00:00 UTC,1.344037365,164751818.1
2022-04-17 00:00:00 UTC,1.349876811,165478264
2022-04-18 00:00:00 UTC,1.326234698,162530323.5
2022-04-19 00:00:00 UTC,1.312023651,160776290.8
2022-04-20 00:00:00 UTC,1.365765671,167795070.4
2022-04-21 00:00:00 UTC,1.456329836,178965639.4
2022-04-22 00:00:00 UTC,1.346917375,164900036.3
2022-04-23 00:00:00 UTC,1.322797484,162128838.7
2022-04-24 00:00:00 UTC,1.313528814,161382889.1
2022-04-25 00:00:00 UTC,1.282096912,157615406.7
2022-04-26 00:00:00 UTC,1.237581549,151819459
2022-04-27 00:00:00 UTC,1.126408396,138120443.2
2022-04-28 00:00:00 UTC,1.221558111,150153602
2022-04-29 00:00:00 UTC,1.171690864,143658532.7
2022-04-30 00:00:00 UTC,1.09823141,134607606.5
2022-05-01 00:00:00 UTC,1.015426398,124236879
2022-05-02 00:00:00 UTC,1.075749296,132248684.2
2022-05-03 00:00:00 UTC,1.048633829,129197345.3
2022-05-04 00:00:00 UTC,1.039365813,128724866.9
2022-05-05 00:00:00 UTC,1.139437081,140086044.7
2022-05-06 00:00:00 UTC,1.036104855,127250043.8
2022-05-07 00:00:00 UTC,1.0474017,128823440.2
2022-05-08 00:00:00 UTC,0.967070187,119272496.1
2022-05-09 00:00:00 UTC,0.911627205,112420471.7
2022-05-10 00:00:00 UTC,0.746094175,91949019.61
2022-05-11 00:00:00 UTC,0.748216579,91501060.12
2022-05-12 00:00:00 UTC,0.482877349,58735008.31
2022-05-13 00:00:00 UTC,0.385036288,47808776.69
2022-05-14 00:00:00 UTC,0.487224103,60028211.2
2022-05-15 00:00:00 UTC,0.630708505,82111315.8
2022-05-16 00:00:00 UTC,0.698114468,91381507.04
2022-05-17 00:00:00 UTC,0.609591212,79631822.17
2022-05-18 00:00:00 UTC,0.624021943,81667174.58
2022-05-19 00:00:00 UTC,0.671270844,87668494.75
2022-05-20 00:00:00 UTC,0.712834985,93080547.24
2022-05-21 00:00:00 UTC,0.68552488,89407316.51
2022-05-22 00:00:00 UTC,0.723993546,94700642.05
2022-05-23 00:00:00 UTC,0.700068519,91274909.37
2022-05-24 00:00:00 UTC,0.65090588,84915087
2022-05-25 00:00:00 UTC,0.690806966,90460386.87
2022-05-26 00:00:00 UTC,0.651409578,85220058.02
2022-05-27 00:00:00 UTC,0.624127246,81486748.27
2022-05-28 00:00:00 UTC,0.651226347,84497593.67
2022-05-29 00:00:00 UTC,0.654897188,85694354.06
2022-05-30 00:00:00 UTC,0.646914959,84657854.92
2022-05-31 00:00:00 UTC,0.69786179,90860750.08
2022-06-01 00:00:00 UTC,0.877201125,114424701.9
2022-06-02 00:00:00 UTC,0.729227414,100375410.8
2022-06-03 00:00:00 UTC,0.749271458,102658056
2022-06-04 00:00:00 UTC,0.707241147,101905940.7
2022-06-05 00:00:00 UTC,0.693924372,100061858.6
2022-06-06 00:00:00 UTC,0.731029685,106070208.4
2022-06-07 00:00:00 UTC,0.719771707,104133587.5
2022-06-08 00:00:00 UTC,0.707042795,102472772.2
2022-06-09 00:00:00 UTC,0.665507235,96201078.34
2022-06-10 00:00:00 UTC,0.674774272,97906426.26
2022-06-11 00:00:00 UTC,0.621690184,89918951.46
2022-06-12 00:00:00 UTC,0.536580469,77796324.59
2022-06-13 00:00:00 UTC,0.492506009,71798797.17
2022-06-14 00:00:00 UTC,0.489046309,70212355.4
2022-06-15 00:00:00 UTC,0.517335677,74909689.36
2022-06-16 00:00:00 UTC,0.549870594,79610946.43
2022-06-17 00:00:00 UTC,0.498068281,71958363.04
2022-06-18 00:00:00 UTC,0.507149857,73627669.94
2022-06-19 00:00:00 UTC,0.505496767,72751976.58
2022-06-20 00:00:00 UTC,0.537426212,77343421.9
2022-06-21 00:00:00 UTC,0.542571318,78296109.72
2022-06-22 00:00:00 UTC,0.523799881,75599406.44
2022-06-23 00:00:00 UTC,0.504501975,72997432.88
2022-06-24 00:00:00 UTC,0.537412303,77843966.85
2022-06-25 00:00:00 UTC,0.563936066,82392526.17
2022-06-26 00:00:00 UTC,0.553110835,79623446.93
2022-06-27 00:00:00 UTC,0.527674994,76204436.35
2022-06-28 00:00:00 UTC,0.579525678,83779421.67
2022-06-29 00:00:00 UTC,0.532395132,77030226.03
2022-06-30 00:00:00 UTC,0.532397015,77107944.79
2022-07-01 00:00:00 UTC,0.499034937,71639587.04
2022-07-02 00:00:00 UTC,0.491790182,74929109.5
2022-07-03 00:00:00 UTC,0.493270552,74139493.33
2022-07-04 00:00:00 UTC,0.478758728,72086496.65
2022-07-05 00:00:00 UTC,0.506564342,75920377.97
2022-07-06 00:00:00 UTC,0.489273395,73804436.94
2022-07-07 00:00:00 UTC,0.505456262,76352482.51
2022-07-08 00:00:00 UTC,0.519761176,78456836.77
2022-07-09 00:00:00 UTC,0.521315393,79046303.96
2022-07-10 00:00:00 UTC,0.520429505,78499706.25
2022-07-11 00:00:00 UTC,0.49473824,74567304.06
2022-07-12 00:00:00 UTC,0.470739638,74709148.21
2022-07-13 00:00:00 UTC,0.465834524,74325855.72
2022-07-14 00:00:00 UTC,0.496581952,78329835.87
2022-07-15 00:00:00 UTC,0.508061659,80653020.87
2022-07-16 00:00:00 UTC,0.495212532,78386629.25
2022-07-17 00:00:00 UTC,0.518631074,82193453.22
2022-07-18 00:00:00 UTC,0.508166767,80626038.86
2022-07-19 00:00:00 UTC,0.552580073,87182185.35
2022-07-20 00:00:00 UTC,0.56782634,90386926.92
2022-07-21 00:00:00 UTC,0.523336037,83414464.81
2022-07-22 00:00:00 UTC,0.528613054,83891554.65
2022-07-23 00:00:00 UTC,0.585756121,92386080.55
2022-07-24 00:00:00 UTC,0.627419178,99349726.39
2022-07-25 00:00:00 UTC,0.580251748,92324612.71
2022-07-26 00:00:00 UTC,0.526991439,84059156.67
2022-07-27 00:00:00 UTC,0.533768574,84381209.55
2022-07-28 00:00:00 UTC,0.571878639,90122459.72
2022-07-29 00:00:00 UTC,0.577103415,90628258.02
2022-07-30 00:00:00 UTC,0.616779735,97236036.61
2022-07-31 00:00:00 UTC,0.592285714,93427485.65
2022-08-01 00:00:00 UTC,0.627736017,99835726.71
2022-08-02 00:00:00 UTC,0.620414763,106481904.9
2022-08-03 00:00:00 UTC,0.613719,106075772
2022-08-04 00:00:00 UTC,0.604708418,104002398.1
2022-08-05 00:00:00 UTC,0.59761663,102628434.2
2022-08-06 00:00:00 UTC,0.666136639,114726795.5
2022-08-07 00:00:00 UTC,0.653680034,112505644.7
2022-08-08 00:00:00 UTC,0.660003989,112838927.3
2022-08-09 00:00:00 UTC,0.665591438,114722681.5
2022-08-10 00:00:00 UTC,0.625174886,108168570.8
2022-08-11 00:00:00 UTC,0.655660613,112922390.2
2022-08-12 00:00:00 UTC,0.649300816,111721585.9
2022-08-13 00:00:00 UTC,0.643493929,110661365.1
2022-08-14 00:00:00 UTC,0.626456975,107932972.4
2022-08-15 00:00:00 UTC,0.609383314,105004377.6
2022-08-16 00:00:00 UTC,0.598249166,103208827.4
2022-08-17 00:00:00 UTC,0.589483058,101515621
2022-08-18 00:00:00 UTC,0.560620288,96477130.55
2022-08-19 00:00:00 UTC,0.540373573,93299071.07
2022-08-20 00:00:00 UTC,0.498534021,85806203.88
2022-08-21 00:00:00 UTC,0.516608147,88971536.12
2022-08-22 00:00:00 UTC,0.513024791,88760803.77
2022-08-23 00:00:00 UTC,0.506107565,86865407.43
2022-08-24 00:00:00 UTC,0.514755066,88604943.26
2022-08-25 00:00:00 UTC,0.507756721,87578520.79
2022-08-26 00:00:00 UTC,0.510715852,87992996.23
2022-08-27 00:00:00 UTC,0.47894634,82504001.19
2022-08-28 00:00:00 UTC,0.562930022,97244463.93
2022-08-29 00:00:00 UTC,0.501393661,86638781.91
2022-08-30 00:00:00 UTC,0.524198116,89953393.22
2022-08-31 00:00:00 UTC,0.511251032,87987075.85
2022-09-01 00:00:00 UTC,0.504510903,86988873.71
2022-09-02 00:00:00 UTC,0.501832757,92120776.57
2022-09-03 00:00:00 UTC,0.49856156,91689117.22
2022-09-04 00:00:00 UTC,0.502531426,92137735.35
2022-09-05 00:00:00 UTC,0.50423071,92516454.35
2022-09-06 00:00:00 UTC,0.516297915,94657493.72
2022-09-07 00:00:00 UTC,0.510710881,93780745.62
2022-09-08 00:00:00 UTC,0.502417985,92418023.56
2022-09-09 00:00:00 UTC,0.506152256,92823847.7
2022-09-10 00:00:00 UTC,0.532753943,97679867.4
2022-09-11 00:00:00 UTC,0.525681436,100338273.4
2022-09-12 00:00:00 UTC,0.514837596,98258934.66
2022-09-13 00:00:00 UTC,0.513192548,98004628.77
2022-09-14 00:00:00 UTC,0.486759031,92925533.44
2022-09-15 00:00:00 UTC,0.486222698,92826820.62
2022-09-16 00:00:00 UTC,0.457961659,87544204.44
2022-09-17 00:00:00 UTC,0.467973144,89345473.94
2022-09-18 00:00:00 UTC,0.480917278,91696706.23
2022-09-19 00:00:00 UTC,0.441547532,84192692.25
2022-09-20 00:00:00 UTC,0.451622476,86326098.93
2022-09-21 00:00:00 UTC,0.426332378,81553725.96
2022-09-22 00:00:00 UTC,0.422067478,80518417.59
2022-09-23 00:00:00 UTC,0.439888971,83395238.24
2022-09-24 00:00:00 UTC,0.430540392,82408889.48
2022-09-25 00:00:00 UTC,0.415819454,79389673.87
2022-09-26 00:00:00 UTC,0.417039766,79666601.96
2022-09-27 00:00:00 UTC,0.427997727,81451585.29
2022-09-28 00:00:00 UTC,0.41370647,78962416.22
2022-09-29 00:00:00 UTC,0.418707178,79990963.3
2022-09-30 00:00:00 UTC,0.427645889,81793436.18
2022-10-01 00:00:00 UTC,0.417402454,79614106.64
2022-10-02 00:00:00 UTC,0.410294035,82757885.2
2022-10-03 00:00:00 UTC,0.396964811,80367184.81
2022-10-04 00:00:00 UTC,0.399756803,80837497.11
2022-10-05 00:00:00 UTC,0.411328936,83202593.29
2022-10-06 00:00:00 UTC,0.400817849,81044601.01
2022-10-07 00:00:00 UTC,0.396790534,80216615.86
2022-10-08 00:00:00 UTC,0.393174115,79498965.67
2022-10-09 00:00:00 UTC,0.393288741,79585833.96
2022-10-10 00:00:00 UTC,0.401683512,84020479.56
2022-10-11 00:00:00 UTC,0.390870399,81938287.32
2022-10-12 00:00:00 UTC,0.374139406,78407065.49
2022-10-13 00:00:00 UTC,0.371379076,77863684.99
2022-10-14 00:00:00 UTC,0.368043699,77177243.77
2022-10-15 00:00:00 UTC,0.373045192,78155982.72
2022-10-16 00:00:00 UTC,0.426769819,90416894.33
2022-10-17 00:00:00 UTC,0.396264141,83057133.45
2022-10-18 00:00:00 UTC,0.392246636,82165562.99
2022-10-19 00:00:00 UTC,0.384879314,80704853.94
2022-10-20 00:00:00 UTC,0.367869803,77173524.35
2022-10-21 00:00:00 UTC,0.372653862,78130017.94
2022-10-22 00:00:00 UTC,0.43280029,90778429.04
2022-10-23 00:00:00 UTC,0.403259954,84657641.08
2022-10-24 00:00:00 UTC,0.410386378,86441351.28
2022-10-25 00:00:00 UTC,0.404263397,84769448.2
2022-10-26 00:00:00 UTC,0.414873637,87067781.37
2022-10-27 00:00:00 UTC,0.408880479,85781700.11
2022-10-28 00:00:00 UTC,0.396287197,83129408.01
2022-10-29 00:00:00 UTC,0.408320934,85792673.42
2022-10-30 00:00:00 UTC,0.409611597,85831771.63
2022-10-31 00:00:00 UTC,0.402957338,84473893.27
2022-11-01 00:00:00 UTC,0.401954369,84265444.79
2022-11-02 00:00:00 UTC,0.396863154,87803833.59
2022-11-03 00:00:00 UTC,0.387096118,85502754.61
2022-11-04 00:00:00 UTC,0.424171661,93685137.09
2022-11-05 00:00:00 UTC,0.445812107,98555026.73
2022-11-06 00:00:00 UTC,0.436804472,96443277.15
2022-11-07 00:00:00 UTC,0.411257249,91196757.66
2022-11-08 00:00:00 UTC,0.404596743,89359318.79
2022-11-09 00:00:00 UTC,0.338752485,75088690.54
2022-11-10 00:00:00 UTC,0.263899748,58425090.96
2022-11-11 00:00:00 UTC,0.310673981,68657671.23
2022-11-12 00:00:00 UTC,0.287835749,62959725.87
2022-11-13 00:00:00 UTC,0.319885978,70618784.06
2022-11-14 00:00:00 UTC,0.304194989,67056678.09
2022-11-15 00:00:00 UTC,0.302221882,69115701.13
2022-11-16 00:00:00 UTC,0.313642576,71666240.21
2022-11-17 00:00:00 UTC,0.303586075,69134999.81
2022-11-18 00:00:00 UTC,0.299955156,68343139.1
2022-11-19 00:00:00 UTC,0.286175613,65463595.96
2022-11-20 00:00:00 UTC,0.281133467,64623809.43
2022-11-21 00:00:00 UTC,0.279547793,63955849.36
2022-11-22 00:00:00 UTC,0.272513636,62429445.47
2022-11-23 00:00:00 UTC,0.278075727,63455465.14
2022-11-24 00:00:00 UTC,0.29304349,66846551.23
2022-11-25 00:00:00 UTC,0.292198496,66688231.14
2022-11-26 00:00:00 UTC,0.287924625,65585358.85
2022-11-27 00:00:00 UTC,0.287720848,65636974.5
2022-11-28 00:00:00 UTC,0.288094625,65929633.35
2022-11-29 00:00:00 UTC,0.28417614,64942602.39
2022-11-30 00:00:00 UTC,0.299738889,68473373.69
2022-12-01 00:00:00 UTC,0.318103541,72618446.67
2022-12-02 00:00:00 UTC,0.307684881,75916331.94
2022-12-03 00:00:00 UTC,0.313521034,77181193.97
2022-12-04 00:00:00 UTC,0.305922568,75735731.62
2022-12-05 00:00:00 UTC,0.314510021,77612180.63
2022-12-06 00:00:00 UTC,0.31101025,76377118.01
2022-12-07 00:00:00 UTC,0.308090234,76014795.37
2022-12-08 00:00:00 UTC,0.292592555,72393249.29
2022-12-09 00:00:00 UTC,0.297397424,73577730.62
2022-12-10 00:00:00 UTC,0.295538352,73123138.03
2022-12-11 00:00:00 UTC,0.301166334,74624101.61
2022-12-12 00:00:00 UTC,0.306274996,75770600.27
2022-12-13 00:00:00 UTC,0.33572723,83512631.55
2022-12-14 00:00:00 UTC,0.320774228,79455967.26
2022-12-15 00:00:00 UTC,0.314821122,77818221.03
2022-12-16 00:00:00 UTC,0.296864074,73541338.37
2022-12-17 00:00:00 UTC,0.261172445,64495447.58
2022-12-18 00:00:00 UTC,0.2721484,67266767.35
2022-12-19 00:00:00 UTC,0.267300758,66184105.18
2022-12-20 00:00:00 UTC,0.266868383,66098863.51
2022-12-21 00:00:00 UTC,0.270114758,68956899.37
2022-12-22 00:00:00 UTC,0.263248327,67019777.76
2022-12-23 00:00:00 UTC,0.265504913,67399276.52
2022-12-24 00:00:00 UTC,0.267052532,67797511.99
2022-12-25 00:00:00 UTC,0.270492719,69136039.93
2022-12-26 00:00:00 UTC,0.266839992,67881603.17
2022-12-27 00:00:00 UTC,0.282312388,72028414.8
2022-12-28 00:00:00 UTC,0.274223629,69911759.16
2022-12-29 00:00:00 UTC,0.264093554,67410048.61
2022-12-30 00:00:00 UTC,0.265412503,67722127.41
2022-12-31 00:00:00 UTC,0.271630044,69328534.08
2023-01-01 00:00:00 UTC,0.270139101,68918631.92
2023-01-02 00:00:00 UTC,0.269881501,71308671.64
2023-01-03 00:00:00 UTC,0.270432225,71637682.82
2023-01-04 00:00:00 UTC,0.273897431,72541771.25
2023-01-05 00:00:00 UTC,0.280556117,74225499.26
2023-01-06 00:00:00 UTC,0.273739178,72456031.44
2023-01-07 00:00:00 UTC,0.27279352,72172092.68
2023-01-08 00:00:00 UTC,0.269270252,71331816.74
2023-01-09 00:00:00 UTC,0.279254291,73817964.86
2023-01-10 00:00:00 UTC,0.283339925,128330399.5
2023-01-11 00:00:00 UTC,0.303396242,137291004.4
2023-01-12 00:00:00 UTC,0.306367663,138979698
2023-01-13 00:00:00 UTC,0.309584556,141121311.9
2023-01-14 00:00:00 UTC,0.320554827,146691461.3
2023-01-15 00:00:00 UTC,0.336299341,153544457.1
2023-01-16 00:00:00 UTC,0.32969143,150497536.7
2023-01-17 00:00:00 UTC,0.339753493,155158376.8
2023-01-18 00:00:00 UTC,0.333178473,152364427.4
2023-01-19 00:00:00 UTC,0.307453886,140579943.7
2023-01-20 00:00:00 UTC,0.317558381,140045789.9
2023-01-21 00:00:00 UTC,0.340046472,155213307
2023-01-22 00:00:00 UTC,0.335560683,153976294.4
2023-01-23 00:00:00 UTC,0.356362824,162957580.6
2023-01-24 00:00:00 UTC,0.377958444,172837632.3
2023-01-25 00:00:00 UTC,0.356253584,162284621.2
2023-01-26 00:00:00 UTC,0.40127194,183194408.2
2023-01-27 00:00:00 UTC,0.389591197,178255529.3
2023-01-28 00:00:00 UTC,0.396865921,181382077.6
2023-01-29 00:00:00 UTC,0.380718542,173790831.7
2023-01-30 00:00:00 UTC,0.398313023,181886965.2
2023-01-31 00:00:00 UTC,0.41352393,187910963.4
2023-02-01 00:00:00 UTC,0.403908,184779051
2023-02-02 00:00:00 UTC,0.409627803,190990693.3
2023-02-03 00:00:00 UTC,0.406054688,189663074.6
2023-02-04 00:00:00 UTC,0.409016498,190986164.3
2023-02-05 00:00:00 UTC,0.399370507,186767117.3
2023-02-06 00:00:00 UTC,0.380940854,177979299.6
2023-02-07 00:00:00 UTC,0.378550959,176812848.2
2023-02-08 00:00:00 UTC,0.412001119,192656897.6
2023-02-09 00:00:00 UTC,0.404430174,188949780.6
2023-02-10 00:00:00 UTC,0.361013775,173469168.7
2023-02-11 00:00:00 UTC,0.351097774,168866426.6
2023-02-12 00:00:00 UTC,0.371587169,178873246.6
2023-02-13 00:00:00 UTC,0.361633353,173635415.1
2023-02-14 00:00:00 UTC,0.34368617,165012103.2
2023-02-15 00:00:00 UTC,0.357157506,171931759.4
2023-02-16 00:00:00 UTC,0.388913901,186674860.1
2023-02-17 00:00:00 UTC,0.369422896,177203571.3
2023-02-18 00:00:00 UTC,0.389635301,187495217.9
2023-02-19 00:00:00 UTC,0.451534805,215263336.1
2023-02-20 00:00:00 UTC,0.473592188,228619448.9
2023-02-21 00:00:00 UTC,0.459968597,221226856.4
2023-02-22 00:00:00 UTC,0.430143421,206529847.9
2023-02-23 00:00:00 UTC,0.421808287,202439364.6
2023-02-24 00:00:00 UTC,0.424640224,203643786.2
2023-02-25 00:00:00 UTC,0.450869022,216751694.4
2023-02-26 00:00:00 UTC,0.431512482,207409950.8
2023-02-27 00:00:00 UTC,0.483341299,232198057.2
2023-02-28 00:00:00 UTC,0.468769196,225628899
2023-03-01 00:00:00 UTC,0.440587907,211524243.1
2023-03-02 00:00:00 UTC,0.477430049,234286401.8
2023-03-03 00:00:00 UTC,0.452189597,221664126.6
2023-03-04 00:00:00 UTC,0.415952238,203865515.5
2023-03-05 00:00:00 UTC,0.406585997,199133143
2023-03-06 00:00:00 UTC,0.416974536,204105921.7
2023-03-07 00:00:00 UTC,0.404588883,198418311.1
2023-03-08 00:00:00 UTC,0.38938567,190412037.4
2023-03-09 00:00:00 UTC,0.35803563,176217185.5
2023-03-10 00:00:00 UTC,0.337615786,165769265.9
2023-03-11 00:00:00 UTC,0.340611475,167324523.2
2023-03-12 00:00:00 UTC,0.322864022,157870039.2
2023-03-13 00:00:00 UTC,0.349450457,170823195.4
2023-03-14 00:00:00 UTC,0.366537347,180128976.8
2023-03-15 00:00:00 UTC,0.388055563,190134958.8
2023-03-16 00:00:00 UTC,0.361494997,177358212.5
2023-03-17 00:00:00 UTC,0.420543566,205952454.5
2023-03-18 00:00:00 UTC,0.42584516,213364768
2023-03-19 00:00:00 UTC,0.41362508,208016155.8
2023-03-20 00:00:00 UTC,0.417948631,211145552.5
2023-03-21 00:00:00 UTC,0.40459995,203586150.3
2023-03-22 00:00:00 UTC,0.417309034,209810759.6
2023-03-23 00:00:00 UTC,0.390619316,196152978
2023-03-24 00:00:00 UTC,0.390294908,195062868.2
2023-03-25 00:00:00 UTC,0.369590518,186592354.9
2023-03-26 00:00:00 UTC,0.365791202,183187492.5
2023-03-27 00:00:00 UTC,0.375730391,189550321.2
2023-03-28 00:00:00 UTC,0.355190003,178309423
2023-03-29 00:00:00 UTC,0.364678344,183265401.2
2023-03-30 00:00:00 UTC,0.39100932,196847216.8
2023-03-31 00:00:00 UTC,0.380715178,191291861.3
2023-04-01 00:00:00 UTC,0.385892067,194792676.4
2023-04-02 00:00:00 UTC,0.387172113,198004602.3
2023-04-03 00:00:00 UTC,0.373669709,191025272.8
2023-04-04 00:00:00 UTC,0.369657259,189565613.1
2023-04-05 00:00:00 UTC,0.383166985,200884950.1
2023-04-06 00:00:00 UTC,0.391640517,205774491.3
2023-04-07 00:00:00 UTC,0.385937474,202409468.8
2023-04-08 00:00:00 UTC,0.394810839,207009550.5
2023-04-09 00:00:00 UTC,0.444764329,234284692.7
2023-04-10 00:00:00 UTC,0.4321973,227465373.1
2023-04-11 00:00:00 UTC,0.431235079,226203800
2023-04-12 00:00:00 UTC,0.420019377,220750635.9
2023-04-13 00:00:00 UTC,0.408676087,214481194
2023-04-14 00:00:00 UTC,0.413083009,216804364.8
2023-04-15 00:00:00 UTC,0.421259408,221457349.7
2023-04-16 00:00:00 UTC,0.433185017,227502052.8
2023-04-17 00:00:00 UTC,0.437508222,229907330.1
2023-04-18 00:00:00 UTC,0.420254299,220918567.8
2023-04-19 00:00:00 UTC,0.445078464,233547188.5
2023-04-20 00:00:00 UTC,0.406992624,213809634.8
2023-04-21 00:00:00 UTC,0.386658482,202720482.4
2023-04-22 00:00:00 UTC,0.369658893,194665608.2
2023-04-23 00:00:00 UTC,0.378849036,199018675.5
2023-04-24 00:00:00 UTC,0.364220023,191232202.3
2023-04-25 00:00:00 UTC,0.365956626,191704583
2023-04-26 00:00:00 UTC,0.374332225,196612705.8
2023-04-27 00:00:00 UTC,0.36434363,191465303.8
2023-04-28 00:00:00 UTC,0.364273371,191158062.1
2023-04-29 00:00:00 UTC,0.354898394,186650037.6
2023-04-30 00:00:00 UTC,0.37880988,199023552.1
2023-05-01 00:00:00 UTC,0.366622897,192616017.3
2023-05-02 00:00:00 UTC,0.348777449,186499268.7
2023-05-03 00:00:00 UTC,0.356042852,190282396.1
2023-05-04 00:00:00 UTC,0.352017906,188083966.6
2023-05-05 00:00:00 UTC,0.344453987,183561315.1
2023-05-06 00:00:00 UTC,0.346322685,185125549.6
2023-05-07 00:00:00 UTC,0.329634768,175798579.9
2023-05-08 00:00:00 UTC,0.32814023,175233900
2023-05-09 00:00:00 UTC,0.300202817,160104275.1
2023-05-10 00:00:00 UTC,0.305882576,162858029.7
2023-05-11 00:00:00 UTC,0.315399327,168864264.8
2023-05-12 00:00:00 UTC,0.301826871,161097693.8
2023-05-13 00:00:00 UTC,0.313044128,167137115.6
2023-05-14 00:00:00 UTC,0.309681267,165832057.3
2023-05-15 00:00:00 UTC,0.305006364,163110888.4
2023-05-16 00:00:00 UTC,0.30919951,165371796.6
2023-05-17 00:00:00 UTC,0.308050434,168816486.5
2023-05-18 00:00:00 UTC,0.316630822,173297481.2
2023-05-19 00:00:00 UTC,0.304985681,167369769.9
2023-05-20 00:00:00 UTC,0.301036582,164764241.3
2023-05-21 00:00:00 UTC,0.303028529,165672065.2
2023-05-22 00:00:00 UTC,0.294900723,161973024.3
2023-05-23 00:00:00 UTC,0.28852868,158305119.5
2023-05-24 00:00:00 UTC,0.29226093,160316061.1
2023-05-25 00:00:00 UTC,0.282718779,155092804.8
2023-05-26 00:00:00 UTC,0.289597299,158255552.8
2023-05-27 00:00:00 UTC,0.294031978,160804614.3
2023-05-28 00:00:00 UTC,0.294031063,160833606.7
2023-05-29 00:00:00 UTC,0.2985335,163417331
2023-05-30 00:00:00 UTC,0.294726555,161392429.7
2023-05-31 00:00:00 UTC,0.294386206,160422140.3
2023-06-01 00:00:00 UTC,0.281144408,153973947.6
2023-06-02 00:00:00 UTC,0.275313641,153461723.5
2023-06-03 00:00:00 UTC,0.281630042,156733251.4
2023-06-04 00:00:00 UTC,0.279969616,156011570.9
2023-06-05 00:00:00 UTC,0.280026753,155949486.4
2023-06-06 00:00:00 UTC,0.251580688,140385127.8
2023-06-07 00:00:00 UTC,0.263222711,146321147.6
2023-06-08 00:00:00 UTC,0.235046515,130697620.9
2023-06-09 00:00:00 UTC,0.244373282,136120474.2
2023-06-10 00:00:00 UTC,0.245595312,136783704.9
2023-06-11 00:00:00 UTC,0.221618554,123464465.3
2023-06-12 00:00:00 UTC,0.214975687,119730809.2
2023-06-13 00:00:00 UTC,0.215840598,119778146
2023-06-14 00:00:00 UTC,0.215889428,120214052
2023-06-15 00:00:00 UTC,0.209070151,115828733.4
2023-06-16 00:00:00 UTC,0.213519485,118912874.8
2023-06-17 00:00:00 UTC,0.221076758,123177604.9
2023-06-18 00:00:00 UTC,0.221706007,123318336.6
2023-06-19 00:00:00 UTC,0.233796025,129903186.8
2023-06-20 00:00:00 UTC,0.225498839,125737533.2
2023-06-21 00:00:00 UTC,0.229975711,127833790.9
2023-06-22 00:00:00 UTC,0.235661998,134139818.3
2023-06-23 00:00:00 UTC,0.269730214,153816750.7
2023-06-24 00:00:00 UTC,0.260487278,148492709.3
2023-06-25 00:00:00 UTC,0.250260177,142163226.5
2023-06-26 00:00:00 UTC,0.254078264,144140527.2
2023-06-27 00:00:00 UTC,0.245252101,139556146.7
2023-06-28 00:00:00 UTC,0.249554806,142183886.9
2023-06-29 00:00:00 UTC,0.230113546,130593747.4
2023-06-30 00:00:00 UTC,0.235256562,133955113
2023-07-01 00:00:00 UTC,0.241236977,137246844
2023-07-02 00:00:00 UTC,0.245638091,145028503.6
2023-07-03 00:00:00 UTC,0.241374544,142842960.1
2023-07-04 00:00:00 UTC,0.2514958,148788150.5
2023-07-05 00:00:00 UTC,0.260307151,154184793.3
2023-07-06 00:00:00 UTC,0.244083901,144236622.8
2023-07-07 00:00:00 UTC,0.233222418,138207074.8
2023-07-08 00:00:00 UTC,0.234467224,141536235.8
2023-07-09 00:00:00 UTC,0.234830239,141415690.9
2023-07-10 00:00:00 UTC,0.232269101,139993602.3
2023-07-11 00:00:00 UTC,0.227643259,137332347.8
2023-07-12 00:00:00 UTC,0.228418216,137889492.5
2023-07-13 00:00:00 UTC,0.2343287,141251844.2
2023-07-14 00:00:00 UTC,0.246542123,148501653.3
2023-07-15 00:00:00 UTC,0.237794953,143206359.8
2023-07-16 00:00:00 UTC,0.235363665,141899170.3
2023-07-17 00:00:00 UTC,0.229482325,138032053
2023-07-18 00:00:00 UTC,0.235682218,142227098.6
2023-07-19 00:00:00 UTC,0.24216343,145579065
2023-07-20 00:00:00 UTC,0.235031464,141808446
2023-07-21 00:00:00 UTC,0.233194788,140690215.7
2023-07-22 00:00:00 UTC,0.230581731,138954523.8
2023-07-23 00:00:00 UTC,0.229794835,138546777.1
2023-07-24 00:00:00 UTC,0.234173363,141161798.9
2023-07-25 00:00:00 UTC,0.218418538,131677559.9
2023-07-26 00:00:00 UTC,0.219823362,132391929.7
2023-07-27 00:00:00 UTC,0.223344812,134584605.5
2023-07-28 00:00:00 UTC,0.223704626,134791727.4
2023-07-29 00:00:00 UTC,0.22359811,134829594.1
2023-07-30 00:00:00 UTC,0.226341827,136499160.8
2023-07-31 00:00:00 UTC,0.221585811,133471004.6
2023-08-01 00:00:00 UTC,0.220519717,132956751.9
2023-08-02 00:00:00 UTC,0.220380236,134799812.6
2023-08-03 00:00:00 UTC,0.2140048,130981686.5
2023-08-04 00:00:00 UTC,0.214384997,131264155.5
2023-08-05 00:00:00 UTC,0.216292899,134917582.3
2023-08-06 00:00:00 UTC,0.254333032,158450421.2
2023-08-07 00:00:00 UTC,0.234608605,146431501.8
2023-08-08 00:00:00 UTC,0.225692433,140864830.5
2023-08-09 00:00:00 UTC,0.234452544,146533119.9
2023-08-10 00:00:00 UTC,0.249627945,155845645
2023-08-11 00:00:00 UTC,0.24107197,150597979.8
2023-08-12 00:00:00 UTC,0.257710242,160427300.4
2023-08-13 00:00:00 UTC,0.250486141,156403812.3
2023-08-14 00:00:00 UTC,0.264462435,165191632.7
2023-08-15 00:00:00 UTC,0.267031351,166789870
2023-08-16 00:00:00 UTC,0.247021068,154114997.7
2023-08-17 00:00:00 UTC,0.224929388,140221775.4
2023-08-18 00:00:00 UTC,0.212602712,132834300.5
2023-08-19 00:00:00 UTC,0.212386987,132610079.2
2023-08-20 00:00:00 UTC,0.219659275,137142174.3
2023-08-21 00:00:00 UTC,0.218647275,136406775.6
2023-08-22 00:00:00 UTC,0.212001674,132491713.2
2023-08-23 00:00:00 UTC,0.207632131,129764736
2023-08-24 00:00:00 UTC,0.213056777,133158746.1
2023-08-25 00:00:00 UTC,0.209362961,130652269.7
2023-08-26 00:00:00 UTC,0.21088878,136301814.4
2023-08-27 00:00:00 UTC,0.209554122,135497074.4
2023-08-28 00:00:00 UTC,0.20912775,135244148.4
2023-08-29 00:00:00 UTC,0.207638408,134568702.8
2023-08-30 00:00:00 UTC,0.215402791,138950730.7
2023-08-31 00:00:00 UTC,0.212138246,137305363.1
2023-09-01 00:00:00 UTC,0.204726068,132653052.8
2023-09-02 00:00:00 UTC,0.204776179,134766834.4
2023-09-03 00:00:00 UTC,0.207705317,136759373.4
2023-09-04 00:00:00 UTC,0.203885784,134133076.9
2023-09-05 00:00:00 UTC,0.205289499,136150763.1
2023-09-06 00:00:00 UTC,0.214363521,140849112.3
2023-09-07 00:00:00 UTC,0.210539238,138386202.6
2023-09-08 00:00:00 UTC,0.211343409,138839176.5
2023-09-09 00:00:00 UTC,0.212283139,139535304.5
2023-09-10 00:00:00 UTC,0.213906709,140646406.3
2023-09-11 00:00:00 UTC,0.200349008,131962965
2023-09-12 00:00:00 UTC,0.192471857,126547762.5
2023-09-13 00:00:00 UTC,0.197372601,129903564.7
2023-09-14 00:00:00 UTC,0.199732567,131054208.7
2023-09-15 00:00:00 UTC,0.201079898,132296542.1
2023-09-16 00:00:00 UTC,0.207232339,136349410.8
2023-09-17 00:00:00 UTC,0.206646818,135898646.6
2023-09-18 00:00:00 UTC,0.202424849,132892872.5
2023-09-19 00:00:00 UTC,0.206722693,135975094.8
2023-09-20 00:00:00 UTC,0.208597472,137159683.1
2023-09-21 00:00:00 UTC,0.206361942,135465164
2023-09-22 00:00:00 UTC,0.201256188,132525702.2
2023-09-23 00:00:00 UTC,0.203221747,133779609.8
2023-09-24 00:00:00 UTC,0.203332173,133715564.9
2023-09-25 00:00:00 UTC,0.202012622,132944198.2
2023-09-26 00:00:00 UTC,0.212200145,139439514.2
2023-09-27 00:00:00 UTC,0.204741534,134624459.1
2023-09-28 00:00:00 UTC,0.202877738,133610994
2023-09-29 00:00:00 UTC,0.257043861,167675959.3
2023-09-30 00:00:00 UTC,0.245365128,161125259.8
2023-10-01 00:00:00 UTC,0.249901374,164131074.1
2023-10-02 00:00:00 UTC,0.243750447,163057982
2023-10-03 00:00:00 UTC,0.236495159,157569210.4
2023-10-04 00:00:00 UTC,0.242060179,161995543.8
2023-10-05 00:00:00 UTC,0.231984147,154760191.4
2023-10-06 00:00:00 UTC,0.231331034,154241237
2023-10-07 00:00:00 UTC,0.234681245,156597303.1
2023-10-08 00:00:00 UTC,0.233894108,155946153.7
2023-10-09 00:00:00 UTC,0.22759928,151279498.3
2023-10-10 00:00:00 UTC,0.212891329,141958618.3
2023-10-11 00:00:00 UTC,0.20938108,139725001.3
2023-10-12 00:00:00 UTC,0.206879525,138055636.7
2023-10-13 00:00:00 UTC,0.205319768,136957100.6
2023-10-14 00:00:00 UTC,0.209079503,139520019.5
2023-10-15 00:00:00 UTC,0.208321582,138785680.6
2023-10-16 00:00:00 UTC,0.211749995,141272748.1
2023-10-17 00:00:00 UTC,0.213369555,141281485.4
2023-10-18 00:00:00 UTC,0.206788083,138012915
2023-10-19 00:00:00 UTC,0.201394259,134498095.9
2023-10-20 00:00:00 UTC,0.204139898,135928686.2
2023-10-21 00:00:00 UTC,0.206643364,137879170.6
2023-10-22 00:00:00 UTC,0.210223246,140183481.9
2023-10-23 00:00:00 UTC,0.214537013,142606784.3
2023-10-24 00:00:00 UTC,0.221307486,147302117.4
2023-10-25 00:00:00 UTC,0.228033973,151986382.7
2023-10-26 00:00:00 UTC,0.229003401,152636186.8
2023-10-27 00:00:00 UTC,0.237790449,158589009.8
2023-10-28 00:00:00 UTC,0.231022293,154099330.5
2023-10-29 00:00:00 UTC,0.240432787,160424638.2
2023-10-30 00:00:00 UTC,0.241143625,160918428.6
2023-10-31 00:00:00 UTC,0.237782465,158609385.2
2023-11-01 00:00:00 UTC,0.232539174,154844719.8
2023-11-02 00:00:00 UTC,0.238291656,161172794.9
2023-11-03 00:00:00 UTC,0.228485978,154853660.1
2023-11-04 00:00:00 UTC,0.234075423,158073165
2023-11-05 00:00:00 UTC,0.237972694,161136183.3
2023-11-06 00:00:00 UTC,0.243610619,164832901.4
2023-11-07 00:00:00 UTC,0.250461616,169165324.8
2023-11-08 00:00:00 UTC,0.242322997,163910171.7
2023-11-09 00:00:00 UTC,0.249730135,168796887.9
2023-11-10 00:00:00 UTC,0.258222066,174554142.8
2023-11-11 00:00:00 UTC,0.275413111,186022306.4
2023-11-12 00:00:00 UTC,0.272986956,183062493.8
2023-11-13 00:00:00 UTC,0.272098863,183719715.3
2023-11-14 00:00:00 UTC,0.258474007,174563729.6
2023-11-15 00:00:00 UTC,0.259866058,175808384.3
2023-11-16 00:00:00 UTC,0.297207374,208216947.4
2023-11-17 00:00:00 UTC,0.275908044,192826225.2
2023-11-18 00:00:00 UTC,0.274828425,192754161.4
2023-11-19 00:00:00 UTC,0.265764147,186602076.1
2023-11-20 00:00:00 UTC,0.276839946,194172600.6
2023-11-21 00:00:00 UTC,0.268061649,188073797
2023-11-22 00:00:00 UTC,0.241943897,169959277.6
2023-11-23 00:00:00 UTC,0.258817228,181454149.9
2023-11-24 00:00:00 UTC,0.262722211,184216105.3
2023-11-25 00:00:00 UTC,0.273548674,191896967
2023-11-26 00:00:00 UTC,0.27607657,193712828
2023-11-27 00:00:00 UTC,0.270786076,189878291.4
2023-11-28 00:00:00 UTC,0.260307604,182264881.4
2023-11-29 00:00:00 UTC,0.265674441,186074452.5
2023-11-30 00:00:00 UTC,0.265119141,186396559.5
2023-12-01 00:00:00 UTC,0.266774908,186754549.3
2023-12-02 00:00:00 UTC,0.272155907,193356700.1
2023-12-03 00:00:00 UTC,0.277916565,197461607.4
2023-12-04 00:00:00 UTC,0.274096964,194915054.3
2023-12-05 00:00:00 UTC,0.293319875,208709326.1
2023-12-06 00:00:00 UTC,0.311280133,221280436.3
2023-12-07 00:00:00 UTC,0.30757332,218887321
2023-12-08 00:00:00 UTC,0.315380692,224294470.5
2023-12-09 00:00:00 UTC,0.326242364,231573318.9
2023-12-10 00:00:00 UTC,0.324438355,230588626.5
2023-12-11 00:00:00 UTC,0.332251215,236109006.1
2023-12-12 00:00:00 UTC,0.356600926,254216804.6
2023-12-13 00:00:00 UTC,0.358107954,254265945.6
2023-12-14 00:00:00 UTC,0.353876605,251211885.7
2023-12-15 00:00:00 UTC,0.353594288,251143952.2
2023-12-16 00:00:00 UTC,0.360601344,257575425.6
2023-12-17 00:00:00 UTC,0.359661165,255370953.7
2023-12-18 00:00:00 UTC,0.355110147,251710418.4
2023-12-19 00:00:00 UTC,0.38193767,271883952.9
2023-12-20 00:00:00 UTC,0.361968159,260999927.6
2023-12-21 00:00:00 UTC,0.391926505,283545896.4
2023-12-22 00:00:00 UTC,0.392114024,283319830.3
2023-12-23 00:00:00 UTC,0.421574396,305281827.9
2023-12-24 00:00:00 UTC,0.432553393,313175090.6
2023-12-25 00:00:00 UTC,0.440296472,319143733.4
2023-12-26 00:00:00 UTC,0.431736534,312339603.5
2023-12-27 00:00:00 UTC,0.423662157,306290113.9
2023-12-28 00:00:00 UTC,0.406866279,294142809.6
2023-12-29 00:00:00 UTC,0.390419043,283669689.4
2023-12-30 00:00:00 UTC,0.383976716,241402407.4
2023-12-31 00:00:00 UTC,0.386276355,242687402.8
2024-01-01 00:00:00 UTC,0.381555173,240005214.7
2024-01-02 00:00:00 UTC,0.398780763,258123918.9
2024-01-03 00:00:00 UTC,0.38291255,247691839.4
2024-01-04 00:00:00 UTC,0.354588622,229838728.7
2024-01-05 00:00:00 UTC,0.363170185,235230476.8
2024-01-06 00:00:00 UTC,0.357819256,230482233.2
2024-01-07 00:00:00 UTC,0.343534199,223147658.9
2024-01-08 00:00:00 UTC,0.321125835,208185549.8
2024-01-09 00:00:00 UTC,0.336104968,218959955.3
2024-01-10 00:00:00 UTC,0.324605865,210923554.7
2024-01-11 00:00:00 UTC,0.351706504,230158633
2024-01-12 00:00:00 UTC,0.366681813,239688808.7
2024-01-13 00:00:00 UTC,0.363407781,236574401.1
2024-01-14 00:00:00 UTC,0.372631168,242795308.1
2024-01-15 00:00:00 UTC,0.372522315,245656127.9
2024-01-16 00:00:00 UTC,0.368737123,241219378.7
2024-01-17 00:00:00 UTC,0.396388901,259451181.1
2024-01-18 00:00:00 UTC,0.403328371,263591656.4
2024-01-19 00:00:00 UTC,0.386343562,253051834.2
2024-01-20 00:00:00 UTC,0.374131631,245107417.5
2024-01-21 00:00:00 UTC,0.396740003,259712701.7
2024-01-22 00:00:00 UTC,0.401436593,263569839.6
2024-01-23 00:00:00 UTC,0.374198369,245224344.3
2024-01-24 00:00:00 UTC,0.350123601,228932690.9
2024-01-25 00:00:00 UTC,0.333706994,219224399.9
2024-01-26 00:00:00 UTC,0.333607611,219414985
2024-01-27 00:00:00 UTC,0.348369305,229064863.3
2024-01-28 00:00:00 UTC,0.35044955,230514407.4
2024-01-29 00:00:00 UTC,0.340949259,224641563.8
2024-01-30 00:00:00 UTC,0.352694476,232684675.2
2024-01-31 00:00:00 UTC,0.347506214,228788405.1
2024-02-01 00:00:00 UTC,0.339440501,224005228.8
2024-02-02 00:00:00 UTC,0.343237702,233209979.5
2024-02-03 00:00:00 UTC,0.352005327,239028764.1
2024-02-04 00:00:00 UTC,0.343762373,233532597.4
2024-02-05 00:00:00 UTC,0.331980413,225936997.5
2024-02-06 00:00:00 UTC,0.327781603,222951110.7
2024-02-07 00:00:00 UTC,0.338784905,230679263.5
2024-02-08 00:00:00 UTC,0.351205145,239656480.5
2024-02-09 00:00:00 UTC,0.373751347,255602365.9
2024-02-10 00:00:00 UTC,0.380395077,259991978.5
2024-02-11 00:00:00 UTC,0.381580772,260876861.8
2024-02-12 00:00:00 UTC,0.383878407,262287704.3
2024-02-13 00:00:00 UTC,0.389484257,266347957.7
2024-02-14 00:00:00 UTC,0.392984481,268705712.3
2024-02-15 00:00:00 UTC,0.414862646,283924550.2
2024-02-16 00:00:00 UTC,0.411173639,281821911.8
2024-02-17 00:00:00 UTC,0.422456747,290186261
2024-02-18 00:00:00 UTC,0.429267466,294812922.7
2024-02-19 00:00:00 UTC,0.442625753,303902079
2024-02-20 00:00:00 UTC,0.450010158,308892332.4
2024-02-21 00:00:00 UTC,0.434203039,298793746.3
2024-02-22 00:00:00 UTC,0.396204139,272637814.2
2024-02-23 00:00:00 UTC,0.393079323,270205676.5
2024-02-24 00:00:00 UTC,0.390927423,269041013.3
2024-02-25 00:00:00 UTC,0.385920864,265741915.4
2024-02-26 00:00:00 UTC,0.37451092,257889569.8
2024-02-27 00:00:00 UTC,0.38147424,262824045.7
2024-02-28 00:00:00 UTC,0.393569103,271754340.1
2024-02-29 00:00:00 UTC,0.390827777,269218893.8
2024-03-01 00:00:00 UTC,0.408518317,283090996.2
2024-03-02 00:00:00 UTC,0.500678753,355934115.6
2024-03-03 00:00:00 UTC,0.541894674,386313731.9
2024-03-04 00:00:00 UTC,0.520836526,369885830.9
2024-03-05 00:00:00 UTC,0.501270711,356232621.9
2024-03-06 00:00:00 UTC,0.501630598,356508263.4
2024-03-07 00:00:00 UTC,0.524083748,372344386.5
2024-03-08 00:00:00 UTC,0.566571972,403980982.4
2024-03-09 00:00:00 UTC,0.540134913,384563575
2024-03-10 00:00:00 UTC,0.578302467,412053659.2
2024-03-11 00:00:00 UTC,0.615733751,438616429.5
2024-03-12 00:00:00 UTC,0.652317269,465313606.5
2024-03-13 00:00:00 UTC,0.660371979,471109340.3
2024-03-14 00:00:00 UTC,0.70921544,505791014.4
2024-03-15 00:00:00 UTC,0.69995653,499350984.5
2024-03-16 00:00:00 UTC,0.629768108,450843026.9
2024-03-17 00:00:00 UTC,0.564160922,402460454.3
2024-03-18 00:00:00 UTC,0.594220191,424131210.3
2024-03-19 00:00:00 UTC,0.548423158,393188936.5
2024-03-20 00:00:00 UTC,0.477029173,343499443.3
2024-03-21 00:00:00 UTC,0.529052265,379459992.9
2024-03-22 00:00:00 UTC,0.528589841,378965003.5
2024-03-23 00:00:00 UTC,0.512423376,366884671.9
2024-03-24 00:00:00 UTC,0.515359237,371498413.6
2024-03-25 00:00:00 UTC,0.541451804,388971777
2024-03-26 00:00:00 UTC,0.560370215,401708457.2
2024-03-27 00:00:00 UTC,0.571250754,410704450.7
2024-03-28 00:00:00 UTC,0.546089453,391704486.4
2024-03-29 00:00:00 UTC,0.637880982,460648199.3
2024-03-30 00:00:00 UTC,0.671967447,484161782.4
2024-03-31 00:00:00 UTC,0.648744908,467265488.4
2024-04-01 00:00:00 UTC,0.667512798,482064118.8
2024-04-02 00:00:00 UTC,0.727790452,540669758.1
2024-04-03 00:00:00 UTC,0.732309607,544281462.7
2024-04-04 00:00:00 UTC,0.817401997,607233531.3
2024-04-05 00:00:00 UTC,0.72578956,537857185.8
2024-04-06 00:00:00 UTC,0.610534458,452462163.2
2024-04-07 00:00:00 UTC,0.757809563,562131641.5
2024-04-08 00:00:00 UTC,0.937607109,698405786.1
2024-04-09 00:00:00 UTC,0.802409174,597144751.9
2024-04-10 00:00:00 UTC,0.764543027,568098302.3
2024-04-11 00:00:00 UTC,0.734364161,546160420.7
2024-04-12 00:00:00 UTC,0.705614956,525362932.7
2024-04-13 00:00:00 UTC,0.600090459,447549788.7
2024-04-14 00:00:00 UTC,0.519121528,387459137.9
2024-04-15 00:00:00 UTC,0.557639598,417093320.3
2024-04-16 00:00:00 UTC,0.503079022,375503057.3
2024-04-17 00:00:00 UTC,0.504337391,377315074.9
2024-04-18 00:00:00 UTC,0.502138893,375316397.1
2024-04-19 00:00:00 UTC,0.515389002,384774944.1
2024-04-20 00:00:00 UTC,0.509870966,383069415.7
2024-04-21 00:00:00 UTC,0.547831145,409976065
2024-04-22 00:00:00 UTC,0.544168779,407873253.9
2024-04-23 00:00:00 UTC,0.551403441,413826370.6
2024-04-24 00:00:00 UTC,0.553694636,415037418.4
2024-04-25 00:00:00 UTC,0.519683818,389645938.2
2024-04-26 00:00:00 UTC,0.505927033,380239192.7
2024-04-27 00:00:00 UTC,0.484116778,363711433.1
2024-04-28 00:00:00 UTC,0.488235301,368686476.3
2024-04-29 00:00:00 UTC,0.481237453,361345245.7
2024-04-30 00:00:00 UTC,0.461812352,348694022.2
2024-05-01 00:00:00 UTC,0.434070716,327532811.8
2024-05-02 00:00:00 UTC,0.438912923,340117081.5
2024-05-03 00:00:00 UTC,0.451583548,348831663.8
2024-05-04 00:00:00 UTC,0.471556331,364876515.1
2024-05-05 00:00:00 UTC,0.467172344,360939636.6
2024-05-06 00:00:00 UTC,0.474195966,366395580.9
2024-05-07 00:00:00 UTC,0.459330687,354908179.3
2024-05-08 00:00:00 UTC,0.447183831,346995520
2024-05-09 00:00:00 UTC,0.443581582,343741893.3
2024-05-10 00:00:00 UTC,0.461504394,357545789.5
2024-05-11 00:00:00 UTC,0.438042606,339829238.6
2024-05-12 00:00:00 UTC,0.424021714,329031747.1
2024-05-13 00:00:00 UTC,0.412036627,319833505.2
2024-05-14 00:00:00 UTC,0.418063475,324634604.1
2024-05-15 00:00:00 UTC,0.41130462,319618154.4
2024-05-16 00:00:00 UTC,0.461654489,359813354.6
2024-05-17 00:00:00 UTC,0.483351231,376773747.4
2024-05-18 00:00:00 UTC,0.553397486,429598035.2
2024-05-19 00:00:00 UTC,0.531153214,413241799.7
2024-05-20 00:00:00 UTC,0.514501382,400649159.1
2024-05-21 00:00:00 UTC,0.549817183,428833503.5
2024-05-22 00:00:00 UTC,0.531968759,414919370.3
2024-05-23 00:00:00 UTC,0.553991702,431809337.6
2024-05-24 00:00:00 UTC,0.582698304,453844436.4
2024-05-25 00:00:00 UTC,0.594555227,464692054.6
2024-05-26 00:00:00 UTC,0.59413308,463915013
2024-05-27 00:00:00 UTC,0.563889457,441045427.8
2024-05-28 00:00:00 UTC,0.597594533,466978981.1
2024-05-29 00:00:00 UTC,0.577954276,452777788.9
2024-05-30 00:00:00 UTC,0.550673774,431462219.5
2024-05-31 00:00:00 UTC,0.550982723,431302970.1
2024-06-01 00:00:00 UTC,0.5535011,434244988.9
2024-06-02 00:00:00 UTC,0.548965344,440231779.7
2024-06-03 00:00:00 UTC,0.551290151,443194820
2024-06-04 00:00:00 UTC,0.537024298,431006969.4
2024-06-05 00:00:00 UTC,0.560728221,450412974.8
2024-06-06 00:00:00 UTC,0.56283903,452051884.9
2024-06-07 00:00:00 UTC,0.558750949,449467960.9
2024-06-08 00:00:00 UTC,0.524923035,422848659.6
2024-06-09 00:00:00 UTC,0.580522089,464477165.9
2024-06-10 00:00:00 UTC,0.672530858,540426410.9
2024-06-11 00:00:00 UTC,0.552517904,444382143.2
2024-06-12 00:00:00 UTC,0.537520448,431855045.1
2024-06-13 00:00:00 UTC,0.543044341,435860191.4
2024-06-14 00:00:00 UTC,0.520043948,419938044.4
2024-06-15 00:00:00 UTC,0.490835443,395072715.1
2024-06-16 00:00:00 UTC,0.494602763,399186199.6
2024-06-17 00:00:00 UTC,0.474856271,382901535.7
2024-06-18 00:00:00 UTC,0.420145244,338861510.4
2024-06-19 00:00:00 UTC,0.371357322,299486763.2
2024-06-20 00:00:00 UTC,0.370966327,299242117
2024-06-21 00:00:00 UTC,0.38465051,311153678.2
2024-06-22 00:00:00 UTC,0.379198429,306543873.1
2024-06-23 00:00:00 UTC,0.372193492,301157750
2024-06-24 00:00:00 UTC,0.366716111,296130539.1
2024-06-25 00:00:00 UTC,0.376532711,304543124.1
2024-06-26 00:00:00 UTC,0.396645373,320987760.4
2024-06-27 00:00:00 UTC,0.376763438,305068375.1
2024-06-28 00:00:00 UTC,0.398897926,323132377.7
2024-06-29 00:00:00 UTC,0.375002723,303415016.5
2024-06-30 00:00:00 UTC,0.365087902,295881831.5
2024-07-01 00:00:00 UTC,0.386890948,313041265.2
2024-07-02 00:00:00 UTC,0.373196249,307265905.8
2024-07-03 00:00:00 UTC,0.367245268,302740856.7
2024-07-04 00:00:00 UTC,0.337300697,278206697.1
2024-07-05 00:00:00 UTC,0.285957444,235701097.8
2024-07-06 00:00:00 UTC,0.285225493,235413240.6
2024-07-07 00:00:00 UTC,0.304750891,251356898
2024-07-08 00:00:00 UTC,0.287861354,236435212
2024-07-09 00:00:00 UTC,0.298562289,246445805.3
2024-07-10 00:00:00 UTC,0.301312087,249228924.9
2024-07-11 00:00:00 UTC,0.30541666,252823563
2024-07-12 00:00:00 UTC,0.288316496,237952974.6
2024-07-13 00:00:00 UTC,0.298552218,246776169.9
2024-07-14 00:00:00 UTC,0.296149858,245290447.1
2024-07-15 00:00:00 UTC,0.313272572,260050516
2024-07-16 00:00:00 UTC,0.337589773,279371879
2024-07-17 00:00:00 UTC,0.343155077,283894577
2024-07-18 00:00:00 UTC,0.353996434,293143171.3
2024-07-19 00:00:00 UTC,0.339856546,281454138.8
2024-07-20 00:00:00 UTC,0.356776369,295895087.6
2024-07-21 00:00:00 UTC,0.348043684,288464770.2
2024-07-22 00:00:00 UTC,0.356137446,295459170.2
2024-07-23 00:00:00 UTC,0.325699696,270208480.3
2024-07-24 00:00:00 UTC,0.311059416,258151876.9
2024-07-25 00:00:00 UTC,0.299909671,248909133.5
2024-07-26 00:00:00 UTC,0.285869567,237273628.2
2024-07-27 00:00:00 UTC,0.307882999,255876512.3
2024-07-28 00:00:00 UTC,0.308060549,256136845.3
2024-07-29 00:00:00 UTC,0.29771223,247446325.6
2024-07-30 00:00:00 UTC,0.299152927,249090886.9
2024-07-31 00:00:00 UTC,0.288168549,239644153.3
2024-08-01 00:00:00 UTC,0.280681612,233041852.2
2024-08-02 00:00:00 UTC,0.276684415,234063981.1
2024-08-03 00:00:00 UTC,0.26073808,220156440.9
2024-08-04 00:00:00 UTC,0.23567002,199321426.6
2024-08-05 00:00:00 UTC,0.226392402,191871820.1
2024-08-06 00:00:00 UTC,0.207110828,175808791.4
2024-08-07 00:00:00 UTC,0.222348609,188376274.2
2024-08-08 00:00:00 UTC,0.217510263,184687434.9
2024-08-09 00:00:00 UTC,0.237317422,201176802.3
2024-08-10 00:00:00 UTC,0.231074267,195998469.7
2024-08-11 00:00:00 UTC,0.232982767,197656391.5
2024-08-12 00:00:00 UTC,0.210810362,178728714.4
2024-08-13 00:00:00 UTC,0.224552951,190580989.3
2024-08-14 00:00:00 UTC,0.227672305,193437129.2
2024-08-15 00:00:00 UTC,0.22642276,192138941.3
2024-08-16 00:00:00 UTC,0.227546432,193287432.5
2024-08-17 00:00:00 UTC,0.238485574,202773148.7
2024-08-18 00:00:00 UTC,0.250382047,212825380.8
2024-08-19 00:00:00 UTC,0.251307302,213919844.5
2024-08-20 00:00:00 UTC,0.261289625,222498251.6
2024-08-21 00:00:00 UTC,0.255287143,217229069.7
2024-08-22 00:00:00 UTC,0.257724858,219503793.6
2024-08-23 00:00:00 UTC,0.254169461,216352973
2024-08-24 00:00:00 UTC,0.275105407,234016965
2024-08-25 00:00:00 UTC,0.278333909,236732359.2
2024-08-26 00:00:00 UTC,0.263555265,224590256
2024-08-27 00:00:00 UTC,0.247201193,210690925.6
2024-08-28 00:00:00 UTC,0.228658726,194967916.2
2024-08-29 00:00:00 UTC,0.225160494,192427639.8
2024-08-30 00:00:00 UTC,0.228403471,194793525.2
2024-08-31 00:00:00 UTC,0.228118597,194703440.6
2024-09-01 00:00:00 UTC,0.221292731,188770979.8
2024-09-02 00:00:00 UTC,0.210584141,182507455.5
2024-09-03 00:00:00 UTC,0.217597938,188193256.7
2024-09-04 00:00:00 UTC,0.199974469,173727376.7
2024-09-05 00:00:00 UTC,0.206591858,178837039
2024-09-06 00:00:00 UTC,0.203385798,176139738.5
2024-09-07 00:00:00 UTC,0.198984643,172484558.9
2024-09-08 00:00:00 UTC,0.205892646,178211443.6
2024-09-09 00:00:00 UTC,0.209055715,181150323.4
2024-09-10 00:00:00 UTC,0.218964176,189884676.9
2024-09-11 00:00:00 UTC,0.217859637,188921520
2024-09-12 00:00:00 UTC,0.209823662,182012384
2024-09-13 00:00:00 UTC,0.216526462,187941292.1
2024-09-14 00:00:00 UTC,0.226004652,196271268.8
2024-09-15 00:00:00 UTC,0.222776439,193303948.7
2024-09-16 00:00:00 UTC,0.215451961,187161429.4
2024-09-17 00:00:00 UTC,0.205313829,178427886.3
2024-09-18 00:00:00 UTC,0.21516651,186848300.7
2024-09-19 00:00:00 UTC,0.218549697,189977878
2024-09-20 00:00:00 UTC,0.232956043,202550396.4
2024-09-21 00:00:00 UTC,0.235375114,204705984.7
2024-09-22 00:00:00 UTC,0.240876878,209769976.4
2024-09-23 00:00:00 UTC,0.232621768,202447506.6
2024-09-24 00:00:00 UTC,0.234071101,203722979.6